{
    "records": [{
        "name": "Cloud",
        "items": [{
            "localTimestamp": 1647487252000,
            "localURI": "/MyRESTJDBCcontainerSamples.module/Service Descriptors/customercrud_1.0.0.json",
            "disabled": false,
            "remoteTimestamp": 0,
            "localHash": "42742bf95fc91b14a9f28711c165a0653929482c",
            "remoteId": "522",
            "remoteHash": "42742bf95fc91b14a9f28711c165a0653929482c"
        }],
        "url": "https://integration.cloud.tibco.com:443"
    }],
    "resources": []
}