{"swagger":"2.0","info":{"version":"1.0.0","title":"customercrud","x-lastModified":"16 March 2022 11:13:29 pm (GMT-04:00)"},"paths":{"/crudcustomer":{"get":{"produces":["application/json"],"responses":{"200":{"description":"Success response","schema":{"$ref":"#/definitions/getcustresponse"},"examples":{"application/json":{"customer_name":"Bruce Wayne","customer_age":"35","customer_phone":"9700005646","customer_addr":"Gotham city"}}}},"parameters":[{"name":"customerid","in":"query","description":"","required":true,"type":"string","format":""}],"operationId":"getCrudcustomer"},"post":{"produces":["application/json"],"responses":{"200":{"description":"Success response","schema":{"$ref":"#/definitions/postcustresponse"},"examples":{"application/json":{"message":"successfully posted customer"}}}},"parameters":[{"name":"body","in":"body","description":"","schema":{"$ref":"#/definitions/postcustrequest"}}],"operationId":"postCrudcustomer","consumes":["application/json"]},"delete":{"produces":["application/json"],"responses":{"200":{"description":"Success response","schema":{"$ref":"#/definitions/GiveNewSchemaNameHere"},"examples":{"application/json":{"message":"customer deleted from store"}}}},"parameters":[{"name":"customerid","in":"query","description":"","required":false,"type":"string","format":""}],"operationId":"deleteCrudcustomer"}}},"definitions":{"getcustresponse":{"type":"object","properties":{"customer_name":{"type":"string","default":"Bruce Wayne"},"customer_age":{"type":"string","default":"35"},"customer_phone":{"type":"string","default":"9700005646"},"customer_addr":{"type":"string","default":"Gotham city"}}},"postcustrequest":{"type":"object","properties":{"customer_name":{"type":"string","default":"Bruce Wayne"},"customer_age":{"type":"string","default":"35"},"customer_phone":{"type":"string","default":"9700005646"},"customer_addr":{"type":"string","default":"Gotham city"}}},"postcustresponse":{"type":"object","properties":{"message":{"type":"string","default":"successfully posted customer"}}},"GiveNewSchemaNameHere":{"type":"object","properties":{"message":{"type":"string","default":"customer deleted from store"}}}}}