{
  "swagger" : "2.0",
  "info" : {
    "version" : "1.0",
    "title" : "Resource",
    "description" : "Resource service"
  },
  "host" : "localhost:8080",
  "basePath" : "/",
  "schemes" : [ "http" ],
  "paths" : {
    "/echo" : {
      "post" : {
        "summary" : "postResource",
        "description" : "postResource",
        "operationId" : "post-echo",
        "consumes" : [ "application/json" ],
        "produces" : [ "application/json" ],
        "parameters" : [ {
          "name" : "body",
          "in" : "body",
          "description" : "",
          "schema" : {
            "$ref" : "#/definitions/Resource"
          },
          "required" : true
        } ],
        "responses" : {
          "200" : {
            "description" : "a Resource to be returned",
            "schema" : {
              "$ref" : "#/definitions/Resource"
            }
          }
        }
      }
    }
  },
  "definitions" : {
    "Resource" : {
      "type" : "object",
      "required" : [ "name" ],
      "properties" : {
        "name" : {
          "type" : "string"
        },
        "number" : {
          "type" : "integer",
          "format" : "int32"
        },
        "flag" : {
          "type" : "boolean"
        }
      }
    }
  }
}